feature,speedup_median,speedup_mean,ci_lower,ci_upper,ci_width
All Features,1.5909819539037742,1.716982484908095,1.3199681582014795,2.229634161915403,0.9096660037139237
Distance,1.0316765286316392,1.0560218465517102,0.8705226424934291,1.230459166045334,0.35993652355190475
Tree,1.0351199319822366,1.0691415976863923,0.8695271685796632,1.263665901238849,0.39413873265918575
Matrix,1.0173359482374575,1.051115451453975,0.8685997563933672,1.2579404099584461,0.38934065356507896
NN Descent,1.01858544140495,1.03993132034986,0.8658993627907472,1.2375731166772161,0.37167375388646895
Optimizer,1.7539025091011837,1.7715255015753293,1.3276706554324234,2.2034250891852296,0.8757544337528063
