feature,speedup,quality_ratio,fps_ratio,memory_delta_mb,composite_score
Optimizer,1.7045824554714877,0.9970625390150044,0.670400441045088,2.0219717025756836,1.1818972116205013
All Features,1.56652511606369,0.9969895890861137,0.665697828224855,12.180959224700928,1.0105550372900924
Matrix,1.0192987730661074,0.9998631321228674,1.0084936528439947,10.81919527053833,0.8026972647849865
Distance,1.0592427285569486,0.9987073058431537,1.0096915441993473,14.020580768585205,0.7905461146833126
Tree,1.06553623275146,0.9990045435617815,1.0087414157723533,14.820444583892822,0.7856260187931001
NN Descent,1.0175942600683208,0.9993202945474071,1.010328167063453,14.170019149780273,0.7684762372327274
