feature,speedup,quality_ratio,fps_ratio,memory_delta_mb,composite_score
All Features,2.908679777610468,0.9971490801489712,0.5339795002563809,16.284703254699707,1.6208770513339368
Optimizer,2.8654050519092076,0.997416227965284,0.5538517215967927,19.33468055725098,1.5717875356129338
Tree,1.0679737367276319,0.9993637014355353,0.9920068538008522,13.44938039779663,0.7981350178148613
Distance,1.0091987447096962,1.0009999935715408,0.9950961805933679,12.176539897918701,0.7823483988575514
Matrix,1.0091261101755231,0.9985919965735155,0.9966216092674214,13.952565670013428,0.7641786389211194
NN Descent,0.9683278543607673,0.9981613899799235,0.9918262329203393,17.28927183151245,0.709585491298291
