feature,n_baseline,n_feature,baseline_median,feature_median,p_value,significant,cohens_d,cliffs_delta
All Features,60,60,3559.849999997765,2272.449999999255,6.930006590898114e-08,True,-1.328524454380567,0.5711111111111111
Distance,60,60,3559.849999997765,3360.75,0.6329157378997584,False,-0.056200912643059625,0.050833333333333335
Tree,60,60,3559.849999997765,3340.89999999851,0.47048642205878966,False,-0.0650469122198855,0.07666666666666666
Matrix,60,60,3559.849999997765,3492.4500000029802,0.47048642205878966,False,0.012461641441096181,0.07666666666666666
NN Descent,60,60,3559.849999997765,3498.300000000745,0.9853434967954952,False,-0.0215054952899081,0.0022222222222222222
Optimizer,60,60,3559.849999997765,2088.3999999947846,1.0405542439088857e-07,True,-1.3308056926944716,0.5633333333333334
