feature,speedup_median,speedup_mean,ci_lower,ci_upper,ci_width
Distance,0.9970732446344011,0.9908090231829914,0.8344945317250865,1.1076113103044642,0.2731167785793778
Tree,1.0086570764058014,1.025817265158909,0.8339727091573687,1.2157018404571884,0.3817291312998198
Matrix,1.0161240614135076,1.0226838694999125,0.8416082269157887,1.2205965861671477,0.378988359251359
NN Descent,1.0011422313951657,0.9937913316508619,0.8385800842969683,1.1013221592212057,0.2627420749242374
All Features,1.794815074599781,1.8057286950894762,1.4626885195501922,2.198673535827408,0.7359850162772159
Optimizer,1.4823930495976667,1.4754201696715132,1.20861719473604,1.7484694639385219,0.5398522692024819
