feature,speedup_median,ci_lower,ci_upper,ci_width
Distance,0.9970732446344011,0.8344945317250865,1.1076113103044642,0.2731167785793778
Tree,1.0086570764058014,0.8339727091573687,1.2157018404571884,0.3817291312998198
Matrix,1.0161240614135076,0.8416082269157887,1.2205965861671477,0.378988359251359
NN Descent,1.0011422313951657,0.8385800842969683,1.1013221592212057,0.2627420749242374
All Features,1.5440715314955251,1.2129252857566495,1.8602441113496382,0.6473188255929887
Optimizer,1.4839260139848556,1.2209393467043839,1.7816396114895723,0.5607002647851884
