feature,speedup_median,speedup_mean,ci_lower,ci_upper,ci_width
Distance,0.9970732446344011,0.9908090231829914,0.8344945317250865,1.1076113103044642,0.2731167785793778
Tree,1.0086570764058014,1.025817265158909,0.8339727091573687,1.2157018404571884,0.3817291312998198
Matrix,1.0161240614135076,1.0226838694999125,0.8416082269157887,1.2205965861671477,0.378988359251359
NN Descent,1.0011422313951657,0.9937913316508619,0.8385800842969683,1.1013221592212057,0.2627420749242374
All Features,1.2695279123664007,1.323406270987187,0.9046426511720255,1.8005551876877812,0.8959125365157558
Optimizer,1.251633716604645,1.2751009367920427,0.9441779435074436,1.61711423915909,0.6729362956516465
