feature,speedup,quality_ratio,fps_ratio,memory_score,composite_score
All Features,1.5701993563368544,0.9986907453544402,0.665851983546329,0.873322982788086,1.2219824603177951
Optimizer,1.4897898598346233,0.9977906989341385,0.6901767786350234,0.9370591449737549,1.1915750359434754
Matrix,1.0284572482552437,1.0009098525723157,1.0008086492959583,0.8927859592437744,1.0038559805894718
Tree,1.009845915023281,1.0014233830496333,0.9915661421962256,0.902160906791687,0.9942298152826514
Distance,1.002482770428068,1.000306988195453,0.9999580982991445,0.8772490978240967,0.9890367567901786
NN Descent,1.0065905411407339,1.0011230699371514,0.9920396357239405,0.8312966966629028,0.9855116530795361
