feature,speedup,quality_ratio,fps_ratio,memory_delta_mb,composite_score
Optimizer,1.2669191236176827,1.0025938868078992,0.7319692939794468,9.745252132415771,0.8964509062835754
All Features,1.2627974692630113,1.0030875996805535,0.6866670730475316,16.272374153137207,0.8224469539774018
Matrix,1.0284572482552437,1.0009098525723157,1.0008086492959583,10.721404075622559,0.8073633439088688
Tree,1.009845915023281,1.0014233830496333,0.9915661421962256,9.783909320831299,0.8061746313951698
Distance,1.002482770428068,1.000306988195453,0.9999580982991445,12.275090217590332,0.7785609448318656
NN Descent,1.0065905411407339,1.0011230699371514,0.9920396357239405,16.870330333709717,0.7336786800761487
