feature,speedup,quality_ratio,fps_ratio,memory_delta_mb,composite_score
Optimizer,1.4897898598346233,0.9977906989341385,0.6901767786350234,6.294085502624512,1.0349282664198547
All Features,1.5701993563368544,0.9986907453544402,0.665851983546329,12.667701721191406,1.0079731448270726
Matrix,1.0284572482552437,1.0009098525723157,1.0008086492959583,10.721404075622559,0.8073633439088688
Tree,1.009845915023281,1.0014233830496333,0.9915661421962256,9.783909320831299,0.8061746313951698
Distance,1.002482770428068,1.000306988195453,0.9999580982991445,12.275090217590332,0.7785609448318656
NN Descent,1.0065905411407339,1.0011230699371514,0.9920396357239405,16.870330333709717,0.7336786800761487
