feature,n_baseline,n_feature,baseline_median,feature_median,p_value,significant,cliffs_delta,effect_size
Distance,60,60,3512.85000000149,3504.1500000059605,0.6996633470276692,False,-0.04111111111111111,negligible
Tree,60,60,3512.85000000149,3478.60000000149,0.43882776864859985,False,0.08222222222222222,negligible
Matrix,60,60,3512.85000000149,3415.64999999851,0.3048402615192033,False,0.10888888888888888,negligible
NN Descent,60,60,3512.85000000149,3489.85000000149,0.5978546083008343,False,-0.05611111111111111,negligible
All Features,60,100,3512.85000000149,2237.2000000029802,6.878826992983337e-08,True,0.5103333333333333,large
Optimizer,60,100,3512.85000000149,2357.9500000029802,6.181539136768462e-07,True,0.4716666666666667,medium
