feature,n_baseline,n_feature,baseline_median,feature_median,p_value,significant,cohens_d,cliffs_delta
Distance,60,60,3512.85000000149,3504.1500000059605,0.6996633470276692,False,0.06848025565845046,-0.04111111111111111
Tree,60,60,3512.85000000149,3478.60000000149,0.43882776864859985,False,-0.06875155100773069,0.08222222222222222
Matrix,60,60,3512.85000000149,3415.64999999851,0.3048402615192033,False,-0.0617376457129505,0.10888888888888888
NN Descent,60,60,3512.85000000149,3489.85000000149,0.5978546083008343,False,0.062109695405352994,-0.05611111111111111
All Features,60,40,3512.85000000149,2781.8000000044703,0.0002866708877499088,True,-0.9454093908523175,0.43
Optimizer,60,40,3512.85000000149,2772.7499999925494,0.00022392887795190776,True,-0.9109386409498884,0.4375
